source_id,doi,sample_id,alloy_system,laser_power_W,scan_speed_mm_s,hatch_spacing_mm,layer_thickness_mm,VED_J_mm3,powder_Ni_at_pct,measured_Ni_at_pct,oxygen_ppm,build_plate_C,remelt_passes,heat_treatment_C,heat_treatment_min,relative_density_pct,porosity_pct,Ms_C,Mf_C,As_C,Af_C,hysteresis_K,recoverable_strain_pct,residual_strain_pct,UTS_MPa,elongation_pct,B2_a_A,B19p_a_A,B19p_b_A,B19p_c_A,B19p_beta_deg,lambda2_proxy,data_quality
demo_synthetic,,DEMO_000,NiTi demo,107.29,924.17,0.09,0.03,43.0,50.137,50.093,70,250,0,450,0,94.1,5.9,10.3,1.6,26.99,66.06,59.16,3.11,1.69,708.5,11.54,3.015,2.89,4.12,4.62,96.8,0.9969620519395982,demo_synthetic
demo_synthetic,,DEMO_001,NiTi demo,306.85,981.44,0.09,0.04,86.85,50.366,50.27,70,250,0,600,120,99.95,0.05,11.25,-0.29,33.94,60.17,49.11,6.0,0.89,780.2,12.4,3.015,2.89,4.12,4.62,96.8,1.0107585371079157,demo_synthetic
demo_synthetic,,DEMO_002,NiTi demo,112.83,1124.37,0.05,0.025,80.28,51.272,51.145,70,150,0,550,60,99.89,0.11,-71.07,-81.08,-51.57,-21.13,50.57,5.9,0.65,847.5,13.12,3.015,2.89,4.12,4.62,96.8,1.009410647182533,demo_synthetic
demo_synthetic,,DEMO_003,NiTi demo,79.87,1322.77,0.07,0.025,34.51,50.501,50.501,70,150,0,450,0,92.73,7.27,-44.2,-53.92,-28.88,8.23,54.14,2.16,2.39,663.5,10.75,3.015,2.89,4.12,4.62,96.8,0.9921724374049482,demo_synthetic
demo_synthetic,,DEMO_004,NiTi demo,125.15,456.84,0.09,0.025,121.75,50.481,50.3,70,80,0,600,10,99.68,0.32,43.65,27.12,61.47,89.15,39.19,5.11,1.7,782.0,10.22,3.015,2.89,4.12,4.62,96.8,0.9803617477372555,demo_synthetic
demo_synthetic,,DEMO_005,NiTi demo,187.17,631.86,0.11,0.025,107.72,51.064,50.862,70,250,0,500,60,99.77,0.23,-27.58,-42.5,-2.42,36.27,62.83,4.97,1.23,835.7,11.0,3.015,2.89,4.12,4.62,96.8,0.99667468090449,demo_synthetic
demo_synthetic,,DEMO_006,NiTi demo,174.23,537.52,0.09,0.04,90.04,50.287,50.108,70,25,0,450,30,99.95,0.05,44.84,36.23,71.16,104.61,72.62,5.58,0.68,830.3,10.83,3.015,2.89,4.12,4.62,96.8,0.9959416244951171,demo_synthetic
demo_synthetic,,DEMO_007,NiTi demo,164.19,1089.97,0.05,0.025,120.51,50.27,50.08,70,80,0,550,120,99.4,0.6,47.4,30.28,63.9,87.46,42.95,5.08,1.75,861.8,11.7,3.015,2.89,4.12,4.62,96.8,0.9983249300400369,demo_synthetic
demo_synthetic,,DEMO_008,NiTi demo,204.83,406.72,0.07,0.04,179.87,51.034,50.616,70,25,0,450,10,96.33,3.67,23.08,12.41,48.35,74.83,54.64,1.8,1.19,926.2,7.78,3.015,2.89,4.12,4.62,96.8,1.0274715973410675,demo_synthetic
demo_synthetic,,DEMO_009,NiTi demo,283.06,683.98,0.07,0.025,236.48,50.64,50.221,70,250,0,0,30,96.06,3.94,93.14,79.96,111.49,151.12,58.61,0.0,1.9,937.9,5.12,3.015,2.89,4.12,4.62,96.8,1.0047425221647384,demo_synthetic
demo_synthetic,,DEMO_010,NiTi demo,289.1,693.6,0.07,0.03,198.48,50.542,50.138,70,25,0,450,120,96.34,3.66,80.1,65.2,104.78,136.86,53.94,1.62,1.26,837.1,5.21,3.015,2.89,4.12,4.62,96.8,1.0196797498790127,demo_synthetic
demo_synthetic,,DEMO_011,NiTi demo,325.59,474.55,0.09,0.03,254.11,50.583,50.209,70,250,0,550,60,95.9,4.1,85.72,73.17,106.29,143.63,60.24,0.0,2.09,930.5,4.46,3.015,2.89,4.12,4.62,96.8,0.998099326802741,demo_synthetic
demo_synthetic,,DEMO_012,NiTi demo,89.59,878.77,0.05,0.04,50.98,50.158,50.073,70,250,0,500,0,94.77,5.23,23.07,13.87,43.51,69.24,46.62,2.43,1.88,672.2,9.76,3.015,2.89,4.12,4.62,96.8,0.9778841438391892,demo_synthetic
demo_synthetic,,DEMO_013,NiTi demo,351.51,441.53,0.07,0.04,284.33,50.571,50.122,70,25,0,550,60,95.84,4.16,128.99,120.46,146.85,175.79,48.31,0.0,1.19,902.8,2.71,3.015,2.89,4.12,4.62,96.8,0.9968340918959443,demo_synthetic
demo_synthetic,,DEMO_014,NiTi demo,187.92,1207.98,0.09,0.03,57.62,50.3,50.278,70,250,0,0,10,96.39,3.61,10.19,-4.44,35.71,74.19,60.9,4.45,2.17,747.2,10.5,3.015,2.89,4.12,4.62,96.8,1.0231462087453236,demo_synthetic
demo_synthetic,,DEMO_015,NiTi demo,164.25,1145.32,0.11,0.04,32.59,50.684,50.709,70,150,0,500,10,93.12,6.88,-48.98,-61.85,-31.9,6.97,57.27,2.93,2.11,671.7,10.99,3.015,2.89,4.12,4.62,96.8,0.9968353584705217,demo_synthetic
demo_synthetic,,DEMO_016,NiTi demo,239.12,946.65,0.09,0.04,70.17,51.285,51.171,70,150,0,0,0,98.83,1.17,-86.7,-99.48,-64.89,-35.74,47.63,5.21,0.39,822.7,11.34,3.015,2.89,4.12,4.62,96.8,0.9762813820450722,demo_synthetic
demo_synthetic,,DEMO_017,NiTi demo,260.97,537.28,0.11,0.03,147.19,50.87,50.566,70,25,0,550,30,98.17,1.83,43.17,31.01,68.39,90.71,41.79,3.86,1.26,902.4,8.09,3.015,2.89,4.12,4.62,96.8,1.002617492907346,demo_synthetic
demo_synthetic,,DEMO_018,NiTi demo,176.05,561.78,0.07,0.03,149.23,50.103,49.774,70,250,0,600,60,97.14,2.86,100.97,89.1,116.63,148.61,46.93,2.92,1.74,828.9,10.67,3.015,2.89,4.12,4.62,96.8,1.0139685334542836,demo_synthetic
demo_synthetic,,DEMO_019,NiTi demo,308.25,1405.09,0.07,0.04,78.35,50.12,50.082,70,25,0,550,0,99.61,0.39,35.79,20.92,56.49,87.73,49.11,5.2,0.0,829.2,12.74,3.015,2.89,4.12,4.62,96.8,0.9967859411263136,demo_synthetic
demo_synthetic,,DEMO_020,NiTi demo,310.15,665.97,0.09,0.025,206.98,50.421,49.986,70,80,0,500,0,96.44,3.56,103.34,94.12,131.0,156.84,53.63,1.67,1.47,892.0,4.18,3.015,2.89,4.12,4.62,96.8,1.0067201448273846,demo_synthetic
demo_synthetic,,DEMO_021,NiTi demo,151.43,661.53,0.07,0.025,130.8,51.248,50.995,70,150,0,500,0,99.53,0.47,-36.29,-51.43,-10.99,22.06,57.84,4.97,1.27,825.5,9.29,3.015,2.89,4.12,4.62,96.8,1.001801885342415,demo_synthetic
demo_synthetic,,DEMO_022,NiTi demo,328.24,1149.87,0.09,0.03,105.72,50.986,50.81,70,250,0,600,60,99.74,0.26,-16.14,-29.89,5.14,39.9,63.86,5.57,1.26,835.6,10.27,3.015,2.89,4.12,4.62,96.8,1.008145267777914,demo_synthetic
demo_synthetic,,DEMO_023,NiTi demo,219.71,1280.16,0.07,0.03,81.73,50.298,50.23,70,250,0,600,0,99.27,0.73,17.9,8.38,43.73,75.7,57.25,5.35,0.97,826.1,11.91,3.015,2.89,4.12,4.62,96.8,0.9777573528344817,demo_synthetic
demo_synthetic,,DEMO_024,NiTi demo,216.14,778.09,0.11,0.04,63.13,50.7,50.591,70,25,0,500,10,97.11,2.89,-25.21,-35.74,2.19,29.85,51.61,4.24,1.34,697.9,12.91,3.015,2.89,4.12,4.62,96.8,1.00739040442656,demo_synthetic
demo_synthetic,,DEMO_025,NiTi demo,200.03,1079.65,0.11,0.025,67.37,50.128,50.099,70,25,0,550,120,98.12,1.88,11.21,-5.84,29.64,66.37,51.45,5.06,1.1,753.9,13.0,3.015,2.89,4.12,4.62,96.8,1.025346068055029,demo_synthetic
demo_synthetic,,DEMO_026,NiTi demo,113.7,371.25,0.07,0.04,109.38,50.569,50.383,70,80,0,0,30,99.93,0.07,6.93,-8.5,32.41,61.3,62.52,4.94,1.35,853.8,9.28,3.015,2.89,4.12,4.62,96.8,1.0140361052077345,demo_synthetic
demo_synthetic,,DEMO_027,NiTi demo,311.07,363.96,0.07,0.03,406.99,50.174,49.663,70,25,0,350,10,96.15,3.85,222.13,206.85,249.58,275.5,52.85,0.0,1.74,1039.7,1.0,3.015,2.89,4.12,4.62,96.8,0.9889175451719706,demo_synthetic
demo_synthetic,,DEMO_028,NiTi demo,153.48,1478.11,0.07,0.04,37.09,50.857,50.839,70,80,0,500,0,92.88,7.12,-65.84,-77.15,-38.09,-8.02,52.75,2.31,2.24,682.0,9.25,3.015,2.89,4.12,4.62,96.8,1.0110666189444317,demo_synthetic
demo_synthetic,,DEMO_029,NiTi demo,352.81,938.23,0.09,0.04,104.46,50.282,50.11,70,250,0,600,60,99.95,0.05,44.3,27.54,63.47,96.71,48.5,5.4,0.32,844.9,12.85,3.015,2.89,4.12,4.62,96.8,1.0160657039292817,demo_synthetic
demo_synthetic,,DEMO_030,NiTi demo,159.8,473.88,0.07,0.03,160.58,50.724,50.329,70,250,0,450,0,97.5,2.5,52.8,42.07,79.24,106.43,56.12,3.2,1.66,888.4,6.5,3.015,2.89,4.12,4.62,96.8,0.9915925842063912,demo_synthetic
demo_synthetic,,DEMO_031,NiTi demo,327.66,622.87,0.11,0.04,119.56,51.065,50.886,70,25,0,350,0,99.83,0.17,-21.65,-37.18,5.23,45.0,73.28,4.75,0.72,837.2,11.45,3.015,2.89,4.12,4.62,96.8,1.007236135237521,demo_synthetic
demo_synthetic,,DEMO_032,NiTi demo,146.65,1035.26,0.11,0.04,32.19,51.344,51.257,70,150,0,0,30,92.86,7.14,-113.64,-128.0,-89.09,-56.52,52.0,2.67,2.92,661.3,11.83,3.015,2.89,4.12,4.62,96.8,1.0043264761283337,demo_synthetic
demo_synthetic,,DEMO_033,NiTi demo,91.43,650.24,0.11,0.04,31.96,50.549,50.481,70,80,0,350,0,92.0,8.0,-18.59,-31.03,4.29,43.33,66.85,1.47,2.33,597.8,10.46,3.015,2.89,4.12,4.62,96.8,0.973180558748761,demo_synthetic
demo_synthetic,,DEMO_034,NiTi demo,209.07,1094.9,0.09,0.03,70.72,50.319,50.279,70,25,0,350,30,99.44,0.56,9.32,-0.39,30.58,68.25,51.81,6.0,2.06,750.7,14.33,3.015,2.89,4.12,4.62,96.8,1.0008421917720847,demo_synthetic
demo_synthetic,,DEMO_035,NiTi demo,268.88,1003.28,0.05,0.025,214.4,51.272,50.901,70,150,0,0,30,95.62,4.38,21.14,7.49,43.49,83.13,62.73,0.23,1.56,837.1,7.26,3.015,2.89,4.12,4.62,96.8,0.9847163135516989,demo_synthetic
demo_synthetic,,DEMO_036,NiTi demo,115.32,359.58,0.09,0.04,89.09,51.032,50.912,70,80,0,550,0,99.78,0.22,-48.33,-60.51,-31.04,1.79,49.62,5.6,1.02,819.2,14.49,3.015,2.89,4.12,4.62,96.8,0.9926315219382128,demo_synthetic
demo_synthetic,,DEMO_037,NiTi demo,227.22,748.99,0.11,0.03,91.93,51.024,50.85,70,80,0,450,120,99.95,0.05,-40.06,-49.18,-21.39,15.86,44.35,6.0,1.1,765.9,13.1,3.015,2.89,4.12,4.62,96.8,0.9769156753667864,demo_synthetic
demo_synthetic,,DEMO_038,NiTi demo,175.87,1189.73,0.09,0.04,41.06,50.378,50.381,70,250,0,350,10,93.16,6.84,-23.91,-33.01,-8.26,21.87,46.97,1.97,1.89,665.1,10.96,3.015,2.89,4.12,4.62,96.8,0.9811926946723728,demo_synthetic
demo_synthetic,,DEMO_039,NiTi demo,171.74,803.97,0.11,0.03,64.73,50.853,50.858,70,250,0,450,60,98.28,1.72,-53.71,-69.79,-32.19,3.24,58.91,4.84,1.43,762.0,12.88,3.015,2.89,4.12,4.62,96.8,1.0131893519634276,demo_synthetic
demo_synthetic,,DEMO_040,NiTi demo,196.64,1366.13,0.11,0.025,52.34,51.158,51.108,70,25,0,0,0,95.66,4.34,-66.34,-78.1,-50.35,-16.24,49.47,3.43,1.38,699.4,12.4,3.015,2.89,4.12,4.62,96.8,0.9891849968369086,demo_synthetic
demo_synthetic,,DEMO_041,NiTi demo,333.66,1208.72,0.07,0.03,131.45,50.533,50.318,70,150,0,350,10,99.06,0.94,30.64,21.45,47.23,70.04,39.76,4.96,1.84,803.3,11.65,3.015,2.89,4.12,4.62,96.8,1.0026181353124115,demo_synthetic
demo_synthetic,,DEMO_042,NiTi demo,93.0,831.58,0.05,0.025,89.46,50.186,49.995,70,250,0,350,0,99.95,0.05,45.9,30.27,64.57,99.92,52.17,5.67,0.64,834.9,12.3,3.015,2.89,4.12,4.62,96.8,0.9898875754948386,demo_synthetic
demo_synthetic,,DEMO_043,NiTi demo,235.2,1015.08,0.07,0.025,132.4,51.244,50.982,70,25,0,450,10,98.69,1.31,-36.77,-50.16,-9.94,22.88,56.81,4.92,1.31,838.1,9.01,3.015,2.89,4.12,4.62,96.8,0.9765824590568262,demo_synthetic
demo_synthetic,,DEMO_044,NiTi demo,256.06,445.9,0.11,0.03,174.01,50.689,50.257,70,25,0,500,120,96.74,3.26,51.2,36.5,67.82,95.17,37.95,1.87,0.78,865.6,6.48,3.015,2.89,4.12,4.62,96.8,0.9701755740700981,demo_synthetic
demo_synthetic,,DEMO_045,NiTi demo,246.89,605.54,0.05,0.03,271.82,50.559,50.158,70,150,0,0,0,96.11,3.89,101.8,87.94,124.58,158.97,57.03,0.0,0.89,931.7,1.88,3.015,2.89,4.12,4.62,96.8,1.0325823324599477,demo_synthetic
demo_synthetic,,DEMO_046,NiTi demo,243.03,476.47,0.07,0.03,242.88,50.995,50.468,70,25,0,450,30,96.12,3.88,69.19,57.63,96.43,120.06,52.18,0.0,1.92,912.1,5.98,3.015,2.89,4.12,4.62,96.8,0.9862430403231811,demo_synthetic
demo_synthetic,,DEMO_047,NiTi demo,178.39,967.95,0.09,0.03,68.26,51.374,51.324,70,150,0,450,0,98.89,1.11,-98.77,-110.84,-73.53,-38.39,61.38,4.7,0.61,779.9,13.22,3.015,2.89,4.12,4.62,96.8,1.0097095648666656,demo_synthetic
demo_synthetic,,DEMO_048,NiTi demo,148.05,948.94,0.09,0.025,69.34,50.611,50.583,70,250,0,550,120,98.26,1.74,-6.92,-17.45,14.86,53.37,60.74,4.33,1.82,759.7,9.64,3.015,2.89,4.12,4.62,96.8,0.9978379492799353,demo_synthetic
demo_synthetic,,DEMO_049,NiTi demo,350.68,719.15,0.11,0.03,147.77,50.384,50.105,70,250,0,550,60,97.86,2.14,48.8,40.33,68.02,107.99,59.63,3.52,1.89,819.4,9.39,3.015,2.89,4.12,4.62,96.8,0.9987380952869291,demo_synthetic
demo_synthetic,,DEMO_050,NiTi demo,331.66,694.9,0.05,0.04,238.64,50.45,49.983,70,25,0,350,120,95.85,4.15,115.7,106.1,137.86,160.29,44.7,0.0,1.74,867.9,3.44,3.015,2.89,4.12,4.62,96.8,0.9992763062959671,demo_synthetic
demo_synthetic,,DEMO_051,NiTi demo,284.96,1133.97,0.09,0.04,69.8,50.545,50.437,70,150,0,450,0,98.16,1.84,-24.42,-36.51,-0.97,22.26,59.14,5.71,1.7,781.0,14.56,3.015,2.89,4.12,4.62,96.8,1.0014156237607537,demo_synthetic
demo_synthetic,,DEMO_052,NiTi demo,188.92,935.4,0.05,0.025,161.58,51.008,50.644,70,80,0,0,30,97.45,2.55,15.52,7.21,36.86,65.06,51.47,2.58,1.41,828.7,5.47,3.015,2.89,4.12,4.62,96.8,0.9835034690917613,demo_synthetic
demo_synthetic,,DEMO_053,NiTi demo,289.35,559.33,0.09,0.04,143.7,51.057,50.713,70,80,0,500,120,98.17,1.83,-3.67,-20.98,22.29,50.68,49.75,3.8,1.19,792.3,10.13,3.015,2.89,4.12,4.62,96.8,1.0015504339458265,demo_synthetic
demo_synthetic,,DEMO_054,NiTi demo,238.86,576.94,0.09,0.03,153.34,50.975,50.685,70,25,0,550,60,97.99,2.01,10.88,-1.7,36.33,71.3,67.7,4.04,1.76,843.2,9.74,3.015,2.89,4.12,4.62,96.8,1.008131111232402,demo_synthetic
demo_synthetic,,DEMO_055,NiTi demo,293.08,779.84,0.07,0.04,134.22,50.418,50.161,70,250,0,0,60,99.68,0.32,42.87,26.38,66.28,100.49,52.95,3.91,0.1,925.8,9.98,3.015,2.89,4.12,4.62,96.8,1.0037332061120166,demo_synthetic
demo_synthetic,,DEMO_056,NiTi demo,350.87,1385.44,0.11,0.03,76.74,51.184,51.106,70,150,0,450,60,99.95,0.05,-74.79,-88.6,-52.93,-16.08,60.87,5.73,0.0,702.3,11.55,3.015,2.89,4.12,4.62,96.8,0.9951163755012882,demo_synthetic
demo_synthetic,,DEMO_057,NiTi demo,190.12,810.84,0.11,0.04,53.29,50.705,50.626,70,80,0,450,10,95.66,4.34,-32.95,-46.0,-9.68,27.65,55.64,3.67,1.91,741.2,10.78,3.015,2.89,4.12,4.62,96.8,1.0059510660603026,demo_synthetic
demo_synthetic,,DEMO_058,NiTi demo,181.73,744.33,0.09,0.03,90.43,51.206,51.117,70,250,0,550,10,99.95,0.05,-67.0,-77.16,-39.65,-9.94,57.78,6.0,0.94,893.6,10.58,3.015,2.89,4.12,4.62,96.8,0.9795665946095963,demo_synthetic
demo_synthetic,,DEMO_059,NiTi demo,149.81,565.68,0.11,0.04,60.19,51.191,51.116,70,80,0,500,60,97.41,2.59,-89.49,-100.98,-65.1,-27.63,56.02,4.33,1.68,766.9,9.87,3.015,2.89,4.12,4.62,96.8,1.0029275923169707,demo_synthetic
demo_synthetic,,DEMO_060,NiTi demo,252.57,1077.42,0.09,0.025,104.19,50.776,50.633,70,150,0,600,10,99.94,0.06,-10.89,-20.26,4.86,34.72,44.29,5.95,0.93,820.1,11.58,3.015,2.89,4.12,4.62,96.8,0.999822153885841,demo_synthetic
demo_synthetic,,DEMO_061,NiTi demo,153.29,1043.37,0.05,0.04,73.46,50.891,50.799,70,150,0,0,30,98.83,1.17,-37.12,-45.47,-13.61,18.9,70.55,4.68,1.29,766.8,11.19,3.015,2.89,4.12,4.62,96.8,1.0043089775466516,demo_synthetic
demo_synthetic,,DEMO_062,NiTi demo,317.13,1128.97,0.07,0.03,133.76,50.718,50.464,70,150,0,350,10,99.1,0.9,33.94,16.48,52.39,88.22,54.32,4.2,1.02,828.0,11.9,3.015,2.89,4.12,4.62,96.8,1.0104439927403437,demo_synthetic
demo_synthetic,,DEMO_063,NiTi demo,353.73,1432.38,0.11,0.03,74.83,50.282,50.21,70,25,0,500,10,99.72,0.28,14.4,-1.24,40.24,64.78,47.08,5.5,0.46,785.2,13.07,3.015,2.89,4.12,4.62,96.8,1.0004308594408797,demo_synthetic
demo_synthetic,,DEMO_064,NiTi demo,104.14,1170.22,0.09,0.04,24.72,51.279,51.295,70,250,0,500,30,92.04,7.96,-115.03,-127.77,-95.22,-66.13,47.3,2.25,2.71,651.3,6.41,3.015,2.89,4.12,4.62,96.8,0.9963797309342666,demo_synthetic
demo_synthetic,,DEMO_065,NiTi demo,299.49,1065.84,0.09,0.025,124.89,51.395,51.209,70,250,0,500,0,99.35,0.65,-49.39,-67.12,-24.76,11.87,64.19,4.86,0.87,832.8,9.99,3.015,2.89,4.12,4.62,96.8,1.0034571863796877,demo_synthetic
demo_synthetic,,DEMO_066,NiTi demo,301.74,693.14,0.05,0.04,217.66,51.284,50.783,70,250,0,0,30,96.01,3.99,20.26,6.01,46.38,81.18,68.77,0.18,2.04,836.8,4.82,3.015,2.89,4.12,4.62,96.8,1.002453961995502,demo_synthetic
demo_synthetic,,DEMO_067,NiTi demo,139.53,515.42,0.11,0.04,61.53,50.54,50.481,70,80,0,350,120,97.08,2.92,-18.9,-28.12,1.22,25.07,52.46,4.15,2.41,765.3,11.93,3.015,2.89,4.12,4.62,96.8,1.012085710558652,demo_synthetic
demo_synthetic,,DEMO_068,NiTi demo,159.99,421.46,0.05,0.03,253.07,50.302,49.807,70,250,0,350,30,95.96,4.04,116.29,106.86,139.04,164.79,47.08,0.0,0.72,950.1,2.37,3.015,2.89,4.12,4.62,96.8,0.9976262436708153,demo_synthetic
demo_synthetic,,DEMO_069,NiTi demo,207.74,865.29,0.09,0.03,88.92,50.543,50.416,70,150,0,0,10,99.95,0.05,-5.78,-21.19,18.29,57.3,50.77,5.82,1.16,755.4,11.86,3.015,2.89,4.12,4.62,96.8,0.9817470022126432,demo_synthetic
demo_synthetic,,DEMO_070,NiTi demo,288.62,1096.39,0.09,0.025,117.0,51.152,50.91,70,80,0,0,10,99.87,0.13,-26.86,-43.99,-10.66,24.68,45.91,4.58,0.46,864.6,10.63,3.015,2.89,4.12,4.62,96.8,0.9661369165293118,demo_synthetic
demo_synthetic,,DEMO_071,NiTi demo,264.72,882.26,0.09,0.03,111.13,50.475,50.286,70,25,0,600,120,99.58,0.42,29.89,18.88,46.55,74.71,38.11,4.99,1.19,825.6,11.52,3.015,2.89,4.12,4.62,96.8,1.0117685004627266,demo_synthetic
demo_synthetic,,DEMO_072,NiTi demo,226.01,517.96,0.07,0.04,155.84,50.319,50.029,70,250,0,350,30,97.02,2.98,87.45,76.87,107.39,138.05,52.24,3.45,1.06,860.1,7.05,3.015,2.89,4.12,4.62,96.8,0.997620380010643,demo_synthetic
demo_synthetic,,DEMO_073,NiTi demo,253.12,981.3,0.07,0.025,147.39,50.347,50.039,70,250,0,450,60,97.92,2.08,66.37,56.66,89.87,114.86,48.51,3.4,0.86,789.5,8.67,3.015,2.89,4.12,4.62,96.8,0.9866592243002594,demo_synthetic
demo_synthetic,,DEMO_074,NiTi demo,249.84,645.79,0.05,0.03,257.92,51.282,50.91,70,150,0,450,10,96.02,3.98,21.85,12.42,44.08,80.02,57.98,0.13,1.33,923.3,2.9,3.015,2.89,4.12,4.62,96.8,0.9604734169959948,demo_synthetic
demo_synthetic,,DEMO_075,NiTi demo,255.06,875.82,0.05,0.025,232.98,51.374,50.944,70,25,0,600,60,95.87,4.13,15.45,-0.88,36.37,70.5,60.53,0.25,2.15,940.0,4.42,3.015,2.89,4.12,4.62,96.8,0.9975034881763892,demo_synthetic
demo_synthetic,,DEMO_076,NiTi demo,268.76,1487.33,0.07,0.03,86.05,50.925,50.771,70,80,0,600,0,99.95,0.05,-28.37,-38.91,-9.73,20.3,48.04,5.63,0.86,800.1,11.33,3.015,2.89,4.12,4.62,96.8,0.9695805545461601,demo_synthetic
demo_synthetic,,DEMO_077,NiTi demo,158.63,1455.53,0.07,0.025,62.28,51.266,51.219,70,25,0,550,60,97.26,2.74,-102.38,-115.13,-82.19,-44.7,41.94,4.64,2.06,789.7,10.8,3.015,2.89,4.12,4.62,96.8,0.9984890596004893,demo_synthetic
demo_synthetic,,DEMO_078,NiTi demo,113.82,1329.87,0.07,0.04,30.57,50.476,50.518,70,150,0,450,30,92.0,8.0,-38.77,-53.89,-20.52,9.5,56.81,2.05,1.58,691.0,10.01,3.015,2.89,4.12,4.62,96.8,0.9815900088017662,demo_synthetic
demo_synthetic,,DEMO_079,NiTi demo,129.37,379.82,0.05,0.025,272.48,51.044,50.635,70,25,0,600,30,95.5,4.5,61.31,50.36,79.28,109.99,40.64,0.0,1.84,934.1,1.91,3.015,2.89,4.12,4.62,96.8,0.9761648846047729,demo_synthetic
demo_synthetic,,DEMO_080,NiTi demo,162.38,639.7,0.05,0.04,126.92,50.501,50.225,70,250,0,600,60,99.6,0.4,44.43,36.13,62.89,86.25,43.47,4.69,1.15,825.8,9.12,3.015,2.89,4.12,4.62,96.8,0.995507061638583,demo_synthetic
demo_synthetic,,DEMO_081,NiTi demo,342.39,1016.83,0.05,0.025,269.38,51.022,50.6,70,250,0,350,0,95.64,4.36,61.91,51.02,82.95,119.76,51.72,0.0,1.39,895.7,2.96,3.015,2.89,4.12,4.62,96.8,1.009304150574927,demo_synthetic
demo_synthetic,,DEMO_082,NiTi demo,207.1,1408.22,0.09,0.03,54.47,51.321,51.258,70,150,0,0,60,95.36,4.64,-110.16,-126.02,-91.43,-67.35,37.59,3.93,1.56,780.0,11.46,3.015,2.89,4.12,4.62,96.8,0.954183853211863,demo_synthetic
demo_synthetic,,DEMO_083,NiTi demo,250.61,881.3,0.07,0.04,101.56,50.49,50.342,70,250,0,500,60,99.76,0.24,21.15,6.53,45.46,69.7,52.15,5.29,1.99,827.2,11.79,3.015,2.89,4.12,4.62,96.8,1.0054615892791932,demo_synthetic
demo_synthetic,,DEMO_084,NiTi demo,165.56,1196.62,0.11,0.03,41.93,51.036,51.06,70,250,0,0,10,92.95,7.05,-78.83,-95.4,-63.16,-29.14,55.59,2.55,2.35,622.9,10.95,3.015,2.89,4.12,4.62,96.8,0.9885124980555355,demo_synthetic
demo_synthetic,,DEMO_085,NiTi demo,92.38,452.06,0.07,0.03,97.31,50.901,50.72,70,150,0,600,0,99.8,0.2,-30.53,-43.47,-5.11,23.77,57.64,6.0,1.01,822.5,9.28,3.015,2.89,4.12,4.62,96.8,0.9803598198246573,demo_synthetic
demo_synthetic,,DEMO_086,NiTi demo,169.31,1049.53,0.07,0.03,76.82,51.191,51.087,70,80,0,550,60,99.35,0.65,-73.46,-89.7,-51.83,-19.56,57.75,5.43,1.17,850.7,11.93,3.015,2.89,4.12,4.62,96.8,1.0120053313531419,demo_synthetic
demo_synthetic,,DEMO_087,NiTi demo,143.09,1102.54,0.07,0.03,61.8,50.867,50.811,70,150,0,450,10,97.2,2.8,-53.61,-67.18,-37.94,0.55,58.47,4.15,1.49,840.4,12.43,3.015,2.89,4.12,4.62,96.8,1.0150087468362363,demo_synthetic
demo_synthetic,,DEMO_088,NiTi demo,342.81,729.97,0.09,0.03,173.93,50.323,49.954,70,250,0,500,0,96.55,3.45,93.9,79.26,115.99,147.64,53.29,1.5,1.02,829.0,5.91,3.015,2.89,4.12,4.62,96.8,1.003368892926902,demo_synthetic
demo_synthetic,,DEMO_089,NiTi demo,303.4,506.27,0.07,0.025,342.45,51.164,50.734,70,25,0,500,10,95.95,4.05,87.94,75.81,113.57,149.33,59.25,0.0,1.8,1004.7,1.0,3.015,2.89,4.12,4.62,96.8,1.0099090560381034,demo_synthetic
demo_synthetic,,DEMO_090,NiTi demo,257.55,1072.8,0.11,0.025,87.3,50.92,50.77,70,250,0,550,120,99.95,0.05,-31.13,-39.86,-14.41,8.99,37.49,6.0,0.85,790.7,11.39,3.015,2.89,4.12,4.62,96.8,1.0219241489839044,demo_synthetic
demo_synthetic,,DEMO_091,NiTi demo,300.39,944.59,0.05,0.025,254.41,51.353,50.855,70,80,0,0,0,95.59,4.41,36.93,19.24,59.44,87.57,41.47,0.0,2.35,959.2,1.83,3.015,2.89,4.12,4.62,96.8,0.9912857361451156,demo_synthetic
demo_synthetic,,DEMO_092,NiTi demo,177.47,847.24,0.05,0.025,167.58,50.709,50.338,70,150,0,500,30,97.1,2.9,43.78,31.44,67.73,101.96,56.48,2.9,2.26,838.3,7.95,3.015,2.89,4.12,4.62,96.8,1.0185625082657408,demo_synthetic
demo_synthetic,,DEMO_093,NiTi demo,93.69,1459.31,0.07,0.025,36.69,50.626,50.622,70,150,0,600,60,93.08,6.92,-34.4,-46.55,-10.06,25.22,61.42,2.4,2.19,709.4,9.51,3.015,2.89,4.12,4.62,96.8,1.0105501536117987,demo_synthetic
demo_synthetic,,DEMO_094,NiTi demo,233.03,1231.84,0.07,0.03,90.08,50.192,50.024,70,150,0,0,120,99.7,0.3,39.23,23.04,57.11,84.85,46.02,5.42,2.47,769.8,11.1,3.015,2.89,4.12,4.62,96.8,0.9777275383981181,demo_synthetic
demo_synthetic,,DEMO_095,NiTi demo,89.09,1321.57,0.07,0.025,38.52,50.471,50.421,70,25,0,500,30,93.06,6.94,-6.31,-19.38,12.98,45.07,51.75,2.91,2.08,641.3,8.3,3.015,2.89,4.12,4.62,96.8,1.0136836965444094,demo_synthetic
demo_synthetic,,DEMO_096,NiTi demo,222.08,1090.99,0.07,0.04,72.7,51.049,50.918,70,150,0,600,60,99.41,0.59,-43.91,-56.38,-18.79,7.1,50.32,4.93,0.77,782.8,12.47,3.015,2.89,4.12,4.62,96.8,0.9968653626829399,demo_synthetic
demo_synthetic,,DEMO_097,NiTi demo,355.25,1370.02,0.05,0.03,172.87,50.667,50.321,70,250,0,600,120,96.94,3.06,41.44,23.64,65.82,88.66,46.76,1.69,1.31,916.1,6.3,3.015,2.89,4.12,4.62,96.8,0.9792900221807896,demo_synthetic
demo_synthetic,,DEMO_098,NiTi demo,130.46,581.8,0.09,0.04,62.29,50.194,50.142,70,25,0,600,120,97.27,2.73,20.38,5.15,38.38,69.64,44.24,4.07,1.58,715.7,12.44,3.015,2.89,4.12,4.62,96.8,0.9906660994787894,demo_synthetic
demo_synthetic,,DEMO_099,NiTi demo,106.32,370.21,0.05,0.03,191.45,51.252,50.88,70,250,0,550,30,96.47,3.53,26.88,9.36,47.25,69.48,37.85,1.67,2.11,795.8,6.74,3.015,2.89,4.12,4.62,96.8,1.0056273809303973,demo_synthetic
demo_synthetic,,DEMO_100,NiTi demo,189.98,690.57,0.09,0.03,101.89,50.457,50.343,70,250,0,550,10,99.95,0.05,4.98,-11.33,22.25,52.35,39.53,5.44,0.74,873.8,9.98,3.015,2.89,4.12,4.62,96.8,1.014797744129405,demo_synthetic
demo_synthetic,,DEMO_101,NiTi demo,103.93,840.16,0.09,0.025,54.98,50.349,50.272,70,80,0,500,30,96.32,3.68,-14.17,-25.65,6.41,35.3,45.34,3.63,0.9,769.1,13.49,3.015,2.89,4.12,4.62,96.8,0.9842614748312608,demo_synthetic
demo_synthetic,,DEMO_102,NiTi demo,74.76,594.87,0.11,0.025,45.7,51.059,51.026,70,25,0,350,60,93.68,6.32,-73.1,-84.32,-51.85,-16.23,53.37,3.44,1.98,673.4,8.43,3.015,2.89,4.12,4.62,96.8,1.0232944513962081,demo_synthetic
demo_synthetic,,DEMO_103,NiTi demo,202.48,1284.05,0.07,0.04,56.32,50.841,50.856,70,250,0,450,0,96.43,3.57,-50.58,-59.47,-25.71,12.16,68.55,4.36,1.39,675.2,10.44,3.015,2.89,4.12,4.62,96.8,0.9985916389342436,demo_synthetic
demo_synthetic,,DEMO_104,NiTi demo,231.88,1256.49,0.05,0.03,123.03,50.436,50.166,70,150,0,500,60,99.53,0.47,20.23,8.55,41.31,77.49,55.16,4.13,2.21,845.6,10.05,3.015,2.89,4.12,4.62,96.8,0.9949291786697678,demo_synthetic
demo_synthetic,,DEMO_105,NiTi demo,142.15,592.87,0.09,0.03,88.8,50.359,50.283,70,150,0,450,0,99.95,0.05,22.56,13.83,40.71,71.65,42.53,5.84,0.81,829.4,11.77,3.015,2.89,4.12,4.62,96.8,0.9704445222462496,demo_synthetic
demo_synthetic,,DEMO_106,NiTi demo,179.35,1331.47,0.09,0.03,49.89,51.289,51.248,70,250,0,550,60,94.68,5.32,-108.87,-123.64,-92.24,-68.87,39.88,4.05,1.69,719.6,11.31,3.015,2.89,4.12,4.62,96.8,0.9957868551312473,demo_synthetic
demo_synthetic,,DEMO_107,NiTi demo,241.55,543.79,0.07,0.03,211.52,50.791,50.394,70,250,0,600,60,95.96,4.04,66.38,56.23,85.51,117.84,57.8,0.9,1.92,871.7,6.82,3.015,2.89,4.12,4.62,96.8,0.998203823044043,demo_synthetic
demo_synthetic,,DEMO_108,NiTi demo,269.99,504.66,0.07,0.03,254.76,50.127,49.7,70,80,0,600,10,95.98,4.02,139.67,123.59,164.64,198.95,58.8,0.0,2.26,938.8,1.96,3.015,2.89,4.12,4.62,96.8,1.0012953001779887,demo_synthetic
demo_synthetic,,DEMO_109,NiTi demo,144.44,458.2,0.09,0.025,140.1,50.376,50.072,70,150,0,500,120,98.75,1.25,67.75,57.06,82.91,117.36,49.23,3.79,1.08,827.8,9.34,3.015,2.89,4.12,4.62,96.8,1.0205639203641967,demo_synthetic
demo_synthetic,,DEMO_110,NiTi demo,356.27,453.24,0.05,0.04,393.03,50.418,50.01,70,80,0,0,60,96.93,3.07,191.04,181.86,210.26,248.37,49.64,0.0,0.82,1084.6,1.14,3.015,2.89,4.12,4.62,96.8,1.0391851056550696,demo_synthetic
demo_synthetic,,DEMO_111,NiTi demo,172.25,906.26,0.05,0.025,152.06,50.934,50.642,70,80,0,600,60,97.88,2.12,-3.98,-17.33,11.41,47.27,56.78,3.46,1.72,918.3,7.46,3.015,2.89,4.12,4.62,96.8,0.9851608435038528,demo_synthetic
demo_synthetic,,DEMO_112,NiTi demo,89.5,1463.36,0.07,0.025,34.95,50.33,50.295,70,25,0,450,60,92.44,7.56,-1.43,-11.21,17.31,55.78,54.63,3.05,1.33,702.0,13.41,3.015,2.89,4.12,4.62,96.8,1.0093725851867055,demo_synthetic
demo_synthetic,,DEMO_113,NiTi demo,352.16,1235.28,0.05,0.025,228.07,50.185,49.778,70,25,0,600,60,96.57,3.43,128.01,117.29,153.28,179.9,53.19,0.0,2.11,910.3,5.7,3.015,2.89,4.12,4.62,96.8,1.0124750548956827,demo_synthetic
demo_synthetic,,DEMO_114,NiTi demo,84.74,1053.72,0.09,0.03,29.78,50.789,50.813,70,150,0,550,60,92.37,7.63,-68.46,-81.61,-47.09,-24.81,52.2,1.97,2.22,651.1,9.44,3.015,2.89,4.12,4.62,96.8,1.0098880754505994,demo_synthetic
demo_synthetic,,DEMO_115,NiTi demo,214.6,1168.67,0.07,0.025,104.93,50.944,50.814,70,80,0,500,60,99.95,0.05,-40.25,-48.46,-22.82,0.28,49.41,5.27,0.24,784.8,11.45,3.015,2.89,4.12,4.62,96.8,1.0193007797377542,demo_synthetic
demo_synthetic,,DEMO_116,NiTi demo,159.71,438.79,0.11,0.03,110.3,50.805,50.639,70,80,0,350,120,99.95,0.05,-1.14,-12.15,15.98,44.1,46.07,4.93,1.01,814.2,12.53,3.015,2.89,4.12,4.62,96.8,1.0023949675622557,demo_synthetic
demo_synthetic,,DEMO_117,NiTi demo,183.89,481.97,0.07,0.03,181.68,50.839,50.333,70,150,0,350,10,96.55,3.45,53.34,39.57,73.88,103.71,52.13,1.99,0.98,876.5,6.38,3.015,2.89,4.12,4.62,96.8,0.9938372712052321,demo_synthetic
demo_synthetic,,DEMO_118,NiTi demo,184.65,961.67,0.11,0.025,69.82,50.905,50.795,70,80,0,0,60,99.05,0.95,-52.29,-60.96,-35.38,0.35,44.51,5.48,0.65,771.1,12.98,3.015,2.89,4.12,4.62,96.8,1.0006713475228146,demo_synthetic
demo_synthetic,,DEMO_119,NiTi demo,172.66,619.04,0.05,0.04,139.46,50.921,50.681,70,250,0,350,120,98.89,1.11,-2.65,-17.82,18.44,48.75,48.12,3.83,1.42,839.4,9.92,3.015,2.89,4.12,4.62,96.8,0.9859608482586627,demo_synthetic
demo_synthetic,,DEMO_120,NiTi demo,110.51,1155.97,0.07,0.03,45.52,51.377,51.361,70,80,0,350,60,94.37,5.63,-103.71,-118.47,-77.29,-45.81,56.91,2.56,2.34,724.7,11.07,3.015,2.89,4.12,4.62,96.8,0.986424725716055,demo_synthetic
demo_synthetic,,DEMO_121,NiTi demo,304.39,584.36,0.09,0.03,192.92,50.503,50.095,70,25,0,600,120,96.14,3.86,72.92,56.67,97.6,135.64,64.4,1.89,1.61,837.8,6.86,3.015,2.89,4.12,4.62,96.8,1.0167819745398095,demo_synthetic
demo_synthetic,,DEMO_122,NiTi demo,183.29,1349.39,0.09,0.03,50.31,50.178,50.193,70,250,0,600,0,94.33,5.67,2.55,-8.64,21.35,45.04,43.62,3.34,1.67,686.8,11.5,3.015,2.89,4.12,4.62,96.8,0.9931147388154112,demo_synthetic
demo_synthetic,,DEMO_123,NiTi demo,204.18,826.62,0.05,0.025,197.6,51.255,50.75,70,150,0,450,30,96.71,3.29,21.54,9.45,36.81,73.93,53.4,1.69,0.63,902.4,7.03,3.015,2.89,4.12,4.62,96.8,0.9959265629708306,demo_synthetic
demo_synthetic,,DEMO_124,NiTi demo,224.33,1282.39,0.09,0.025,77.75,50.887,50.857,70,80,0,0,60,99.56,0.44,-43.0,-54.81,-21.83,9.43,54.23,5.63,0.81,788.4,12.6,3.015,2.89,4.12,4.62,96.8,1.007839942650077,demo_synthetic
demo_synthetic,,DEMO_125,NiTi demo,228.98,568.35,0.11,0.025,146.5,50.528,50.2,70,80,0,0,30,97.14,2.86,49.45,36.94,68.96,101.49,60.11,2.63,1.66,892.4,10.34,3.015,2.89,4.12,4.62,96.8,0.987683165222173,demo_synthetic
demo_synthetic,,DEMO_126,NiTi demo,232.47,1460.0,0.11,0.04,36.19,50.952,50.929,70,250,0,450,30,93.24,6.76,-69.53,-82.84,-45.39,-18.52,52.1,3.41,1.74,669.7,9.78,3.015,2.89,4.12,4.62,96.8,0.995101482988699,demo_synthetic
demo_synthetic,,DEMO_127,NiTi demo,288.28,1404.34,0.11,0.04,46.65,51.352,51.294,70,150,0,450,30,93.76,6.24,-92.86,-108.43,-76.78,-40.61,51.02,3.97,1.46,663.3,10.49,3.015,2.89,4.12,4.62,96.8,0.9823369911625116,demo_synthetic
demo_synthetic,,DEMO_128,NiTi demo,356.58,1150.79,0.09,0.04,86.07,51.161,51.076,70,80,0,600,60,99.95,0.05,-60.99,-69.74,-39.94,-0.56,61.56,6.0,0.28,858.1,10.98,3.015,2.89,4.12,4.62,96.8,0.9990726513516137,demo_synthetic
demo_synthetic,,DEMO_129,NiTi demo,298.37,839.0,0.07,0.025,203.21,51.083,50.718,70,80,0,0,0,96.13,3.87,26.77,9.23,43.11,79.18,49.4,0.85,1.17,899.0,7.26,3.015,2.89,4.12,4.62,96.8,1.0290364068325835,demo_synthetic
demo_synthetic,,DEMO_130,NiTi demo,138.57,1386.69,0.07,0.03,47.59,51.027,51.021,70,25,0,450,30,94.48,5.52,-72.98,-89.07,-46.52,-21.97,55.33,3.96,1.93,690.5,13.26,3.015,2.89,4.12,4.62,96.8,0.9951495325821131,demo_synthetic
demo_synthetic,,DEMO_131,NiTi demo,285.55,1277.22,0.05,0.04,111.78,50.704,50.509,70,250,0,600,10,99.95,0.05,8.94,-5.89,23.97,54.8,52.93,5.45,1.56,754.4,11.29,3.015,2.89,4.12,4.62,96.8,0.9814912550735818,demo_synthetic
demo_synthetic,,DEMO_132,NiTi demo,347.13,1110.05,0.07,0.03,148.91,50.26,49.891,70,150,0,550,0,97.87,2.13,78.03,64.91,97.05,121.08,54.89,4.65,1.09,856.8,10.28,3.015,2.89,4.12,4.62,96.8,0.9826867206694382,demo_synthetic
demo_synthetic,,DEMO_133,NiTi demo,104.48,630.19,0.05,0.03,110.53,51.041,50.798,70,25,0,550,10,99.95,0.05,-31.47,-42.44,-3.94,28.63,61.09,5.0,1.09,846.2,11.27,3.015,2.89,4.12,4.62,96.8,0.9730143935199476,demo_synthetic
demo_synthetic,,DEMO_134,NiTi demo,148.09,1385.55,0.07,0.03,50.89,50.884,50.885,70,250,0,500,30,94.86,5.14,-65.03,-75.45,-37.64,-12.74,57.88,4.17,2.13,652.4,8.62,3.015,2.89,4.12,4.62,96.8,1.0030561988351931,demo_synthetic
demo_synthetic,,DEMO_135,NiTi demo,245.1,1262.18,0.09,0.04,53.94,50.403,50.317,70,150,0,600,30,95.26,4.74,-12.03,-25.99,15.36,47.42,56.61,4.57,2.16,725.3,7.9,3.015,2.89,4.12,4.62,96.8,0.9847196581080404,demo_synthetic
demo_synthetic,,DEMO_136,NiTi demo,255.3,1272.99,0.11,0.025,72.93,50.926,50.86,70,250,0,500,120,99.31,0.69,-57.6,-72.9,-30.45,-3.34,59.3,4.58,1.21,793.0,14.02,3.015,2.89,4.12,4.62,96.8,0.9966368219413148,demo_synthetic
demo_synthetic,,DEMO_137,NiTi demo,192.27,558.8,0.05,0.03,229.38,50.17,49.706,70,250,0,0,30,95.69,4.31,133.52,120.36,150.01,189.83,65.9,1.0,1.44,875.4,7.8,3.015,2.89,4.12,4.62,96.8,1.0095004361694555,demo_synthetic
demo_synthetic,,DEMO_138,NiTi demo,313.23,672.38,0.11,0.03,141.17,50.854,50.577,70,150,0,0,120,98.35,1.65,3.6,-6.66,27.24,64.5,58.09,4.06,0.43,854.5,7.39,3.015,2.89,4.12,4.62,96.8,1.0024458795808608,demo_synthetic
demo_synthetic,,DEMO_139,NiTi demo,141.84,357.01,0.11,0.025,144.47,51.041,50.777,70,80,0,550,0,98.73,1.27,-16.9,-27.01,5.82,29.13,45.9,3.93,0.0,870.2,9.0,3.015,2.89,4.12,4.62,96.8,0.9845353146755086,demo_synthetic
demo_synthetic,,DEMO_140,NiTi demo,231.47,1280.98,0.09,0.025,80.31,51.014,50.906,70,80,0,450,0,99.86,0.14,-40.57,-50.42,-19.95,5.73,55.17,5.76,1.12,812.7,11.04,3.015,2.89,4.12,4.62,96.8,0.9980736491267365,demo_synthetic
demo_synthetic,,DEMO_141,NiTi demo,334.17,910.8,0.07,0.04,131.03,50.192,49.908,70,80,0,0,0,99.28,0.72,71.61,58.91,96.0,132.24,68.32,4.39,0.93,882.6,7.95,3.015,2.89,4.12,4.62,96.8,1.008251742035355,demo_synthetic
demo_synthetic,,DEMO_142,NiTi demo,83.28,1128.68,0.09,0.03,27.33,50.437,50.421,70,250,0,350,0,92.0,8.0,-22.92,-31.13,-4.79,23.73,41.09,2.5,2.22,681.4,7.83,3.015,2.89,4.12,4.62,96.8,1.0404169397202427,demo_synthetic
demo_synthetic,,DEMO_143,NiTi demo,237.69,928.17,0.05,0.03,170.72,51.337,50.935,70,250,0,350,10,96.5,3.5,-28.44,-40.09,-5.65,20.96,55.76,3.17,1.52,840.9,6.94,3.015,2.89,4.12,4.62,96.8,0.9931263802667146,demo_synthetic
demo_synthetic,,DEMO_144,NiTi demo,313.31,682.49,0.09,0.03,170.03,50.597,50.24,70,250,0,450,60,96.23,3.77,53.75,38.8,76.91,107.77,57.61,2.22,1.97,856.6,7.88,3.015,2.89,4.12,4.62,96.8,0.9990732520490064,demo_synthetic
demo_synthetic,,DEMO_145,NiTi demo,353.52,1462.93,0.09,0.04,67.12,50.986,50.879,70,25,0,500,0,98.74,1.26,-39.67,-56.57,-18.71,15.04,59.0,4.76,1.99,779.0,12.13,3.015,2.89,4.12,4.62,96.8,0.996752864313829,demo_synthetic
demo_synthetic,,DEMO_146,NiTi demo,216.2,792.72,0.05,0.04,136.37,50.555,50.224,70,80,0,350,10,99.19,0.81,45.54,33.14,61.95,99.19,53.46,4.17,1.17,855.6,12.62,3.015,2.89,4.12,4.62,96.8,1.0028539539426338,demo_synthetic
demo_synthetic,,DEMO_147,NiTi demo,202.22,1114.57,0.07,0.04,64.8,50.175,50.108,70,80,0,600,60,98.01,1.99,15.68,5.33,41.3,74.35,60.32,3.45,1.78,760.1,12.08,3.015,2.89,4.12,4.62,96.8,1.017745351088916,demo_synthetic
demo_synthetic,,DEMO_148,NiTi demo,115.44,1149.24,0.09,0.025,44.64,50.145,50.096,70,25,0,550,30,93.94,6.06,17.62,2.51,45.04,81.13,65.13,4.59,1.63,621.1,9.65,3.015,2.89,4.12,4.62,96.8,0.976559415167167,demo_synthetic
demo_synthetic,,DEMO_149,NiTi demo,85.74,497.2,0.11,0.04,39.19,50.546,50.443,70,80,0,550,60,93.27,6.73,-20.52,-36.79,7.13,30.02,50.96,3.27,1.19,677.1,12.55,3.015,2.89,4.12,4.62,96.8,0.9991857408531664,demo_synthetic
demo_synthetic,,DEMO_150,NiTi demo,112.26,785.74,0.07,0.03,68.03,50.703,50.648,70,25,0,600,10,98.5,1.5,-28.08,-44.6,-11.61,23.62,48.33,4.52,1.72,771.3,11.58,3.015,2.89,4.12,4.62,96.8,0.9963812061619061,demo_synthetic
demo_synthetic,,DEMO_151,NiTi demo,224.21,1359.84,0.07,0.025,94.22,50.168,50.027,70,80,0,500,10,99.85,0.15,50.63,37.91,76.2,108.83,55.85,5.55,1.78,807.2,11.59,3.015,2.89,4.12,4.62,96.8,1.018505616032603,demo_synthetic
demo_synthetic,,DEMO_152,NiTi demo,141.16,425.05,0.07,0.04,118.61,50.945,50.801,70,150,0,500,10,99.29,0.71,-1.84,-12.37,13.53,43.27,47.1,4.55,0.0,785.0,10.87,3.015,2.89,4.12,4.62,96.8,1.0132434368077508,demo_synthetic
demo_synthetic,,DEMO_153,NiTi demo,137.26,1202.98,0.07,0.04,40.75,50.733,50.73,70,250,0,350,0,92.61,7.39,-41.02,-57.71,-22.1,0.06,40.48,2.92,2.64,683.2,10.08,3.015,2.89,4.12,4.62,96.8,0.9802505285205212,demo_synthetic
demo_synthetic,,DEMO_154,NiTi demo,236.73,1371.52,0.11,0.025,62.76,50.76,50.704,70,150,0,550,0,97.19,2.81,-41.54,-52.66,-23.22,16.07,53.19,5.12,1.08,853.2,11.41,3.015,2.89,4.12,4.62,96.8,1.0166973203215686,demo_synthetic
demo_synthetic,,DEMO_155,NiTi demo,269.03,1223.0,0.09,0.025,97.77,50.852,50.691,70,250,0,500,30,99.95,0.05,0.32,-16.89,21.92,57.87,54.44,5.81,0.67,866.6,11.54,3.015,2.89,4.12,4.62,96.8,1.0152984581863072,demo_synthetic
demo_synthetic,,DEMO_156,NiTi demo,131.04,552.05,0.11,0.025,86.31,50.861,50.711,70,25,0,450,0,99.95,0.05,-20.86,-37.58,6.13,29.13,53.98,5.27,1.32,790.4,13.07,3.015,2.89,4.12,4.62,96.8,1.0015647083651829,demo_synthetic
demo_synthetic,,DEMO_157,NiTi demo,243.54,748.3,0.05,0.025,260.36,50.252,49.815,70,250,0,550,120,95.71,4.29,133.64,117.7,160.12,187.24,59.28,0.0,2.53,940.8,3.61,3.015,2.89,4.12,4.62,96.8,0.9912041395226127,demo_synthetic
demo_synthetic,,DEMO_158,NiTi demo,244.4,350.34,0.11,0.03,211.4,50.749,50.324,70,25,0,0,0,96.02,3.98,64.94,48.14,90.37,128.06,67.65,1.79,1.2,884.4,5.74,3.015,2.89,4.12,4.62,96.8,1.0112883639474612,demo_synthetic
demo_synthetic,,DEMO_159,NiTi demo,311.82,504.07,0.09,0.03,229.11,50.213,49.731,70,250,0,600,120,96.14,3.86,129.53,115.11,146.31,182.58,50.25,0.33,2.21,935.5,5.21,3.015,2.89,4.12,4.62,96.8,1.0079912892878546,demo_synthetic
demo_synthetic,,DEMO_160,NiTi demo,246.57,1093.15,0.09,0.03,83.54,51.033,50.939,70,150,0,500,120,99.88,0.12,-63.93,-74.82,-38.63,0.8,64.4,5.68,0.65,837.3,10.15,3.015,2.89,4.12,4.62,96.8,1.0115421694542677,demo_synthetic
demo_synthetic,,DEMO_161,NiTi demo,209.66,1315.61,0.09,0.04,44.27,50.407,50.377,70,250,0,550,10,94.08,5.92,-26.44,-34.96,-11.02,12.33,37.84,3.7,1.73,654.5,9.58,3.015,2.89,4.12,4.62,96.8,1.0030787335775635,demo_synthetic
demo_synthetic,,DEMO_162,NiTi demo,244.15,862.78,0.11,0.03,85.75,51.07,51.012,70,25,0,500,10,99.95,0.05,-70.88,-79.0,-54.58,-29.24,41.18,5.6,0.78,789.4,11.8,3.015,2.89,4.12,4.62,96.8,0.9875145278061526,demo_synthetic
demo_synthetic,,DEMO_163,NiTi demo,77.1,354.39,0.11,0.04,49.44,50.569,50.48,70,25,0,500,120,94.34,5.66,-14.88,-29.49,10.7,35.88,46.7,4.93,2.08,674.4,8.84,3.015,2.89,4.12,4.62,96.8,1.0368177772496716,demo_synthetic
demo_synthetic,,DEMO_164,NiTi demo,251.0,1076.08,0.05,0.03,155.5,50.411,50.073,70,25,0,450,0,97.96,2.04,64.28,53.71,83.7,115.14,47.41,3.97,1.47,862.1,8.76,3.015,2.89,4.12,4.62,96.8,1.016980869295284,demo_synthetic
demo_synthetic,,DEMO_165,NiTi demo,215.33,1458.11,0.09,0.025,65.63,51.348,51.297,70,25,0,450,10,98.46,1.54,-120.17,-133.15,-92.6,-55.54,65.44,5.39,0.87,738.2,11.25,3.015,2.89,4.12,4.62,96.8,1.0032031766351337,demo_synthetic
demo_synthetic,,DEMO_166,NiTi demo,332.9,531.99,0.07,0.025,357.58,50.34,49.89,70,250,0,0,60,96.34,3.66,171.3,160.1,187.18,223.09,55.2,0.0,2.11,998.2,1.0,3.015,2.89,4.12,4.62,96.8,1.0293703754709105,demo_synthetic
demo_synthetic,,DEMO_167,NiTi demo,184.84,1480.31,0.07,0.04,44.6,50.841,50.86,70,150,0,550,30,93.66,6.34,-54.69,-72.29,-26.82,-1.86,51.45,3.43,0.96,753.0,9.71,3.015,2.89,4.12,4.62,96.8,1.0094190617859766,demo_synthetic
demo_synthetic,,DEMO_168,NiTi demo,223.08,380.26,0.07,0.025,335.24,50.599,50.085,70,150,0,500,30,95.22,4.78,142.96,126.67,170.33,209.27,66.6,0.0,2.14,1020.5,1.0,3.015,2.89,4.12,4.62,96.8,0.9786359435998429,demo_synthetic
demo_synthetic,,DEMO_169,NiTi demo,127.33,1003.92,0.09,0.025,56.37,50.172,50.119,70,250,0,500,0,96.86,3.14,20.82,10.25,41.55,66.5,42.31,3.98,1.09,720.9,11.54,3.015,2.89,4.12,4.62,96.8,1.0121100940894643,demo_synthetic
demo_synthetic,,DEMO_170,NiTi demo,342.24,384.67,0.11,0.04,202.2,50.908,50.437,70,150,0,500,0,95.99,4.01,52.95,43.32,75.76,113.69,65.92,1.41,1.41,867.7,6.49,3.015,2.89,4.12,4.62,96.8,1.0197051716817245,demo_synthetic
demo_synthetic,,DEMO_171,NiTi demo,174.14,1295.07,0.09,0.03,49.8,51.292,51.317,70,150,0,500,60,95.55,4.45,-117.1,-127.32,-95.67,-61.44,59.56,3.01,1.34,707.6,11.93,3.015,2.89,4.12,4.62,96.8,0.9772162637571788,demo_synthetic
demo_synthetic,,DEMO_172,NiTi demo,293.31,973.61,0.07,0.04,107.59,50.466,50.337,70,250,0,350,60,99.95,0.05,21.03,9.26,38.08,77.85,62.53,4.98,1.05,839.5,11.71,3.015,2.89,4.12,4.62,96.8,1.0171432476117015,demo_synthetic
demo_synthetic,,DEMO_173,NiTi demo,117.79,817.21,0.07,0.03,68.64,51.21,51.099,70,150,0,350,120,98.82,1.18,-85.9,-100.52,-68.83,-46.26,45.68,4.45,1.32,764.1,10.44,3.015,2.89,4.12,4.62,96.8,1.0097894139071268,demo_synthetic
demo_synthetic,,DEMO_174,NiTi demo,327.19,1098.42,0.07,0.04,106.38,50.699,50.569,70,80,0,500,120,99.87,0.13,-7.78,-17.6,8.08,46.48,66.32,5.24,0.88,831.9,11.55,3.015,2.89,4.12,4.62,96.8,0.9819688319041622,demo_synthetic
demo_synthetic,,DEMO_175,NiTi demo,210.13,1323.08,0.07,0.04,56.72,51.173,51.084,70,80,0,600,120,96.63,3.37,-85.97,-102.13,-59.44,-33.33,51.92,3.47,1.32,734.7,12.22,3.015,2.89,4.12,4.62,96.8,0.9752294614897832,demo_synthetic
demo_synthetic,,DEMO_176,NiTi demo,238.79,592.31,0.05,0.03,268.77,50.683,50.2,70,250,0,550,0,96.51,3.49,98.72,81.86,126.54,151.45,58.34,0.0,1.34,939.2,3.64,3.015,2.89,4.12,4.62,96.8,0.9852194648788614,demo_synthetic
demo_synthetic,,DEMO_177,NiTi demo,226.63,933.33,0.05,0.04,121.41,50.914,50.642,70,80,0,0,10,99.56,0.44,-9.82,-20.71,7.68,45.18,53.32,4.65,0.4,842.6,9.94,3.015,2.89,4.12,4.62,96.8,1.0007733808644064,demo_synthetic
demo_synthetic,,DEMO_178,NiTi demo,211.81,384.04,0.11,0.04,125.35,50.439,50.19,70,150,0,500,120,98.95,1.05,41.86,32.16,65.2,87.59,40.94,4.32,1.33,861.1,12.92,3.015,2.89,4.12,4.62,96.8,0.9959924431731406,demo_synthetic
demo_synthetic,,DEMO_179,NiTi demo,146.94,529.57,0.09,0.03,102.77,50.907,50.769,70,150,0,350,0,99.95,0.05,-34.76,-46.46,-19.57,15.5,53.47,4.61,0.35,848.1,11.5,3.015,2.89,4.12,4.62,96.8,0.9727571999453268,demo_synthetic
